,id,user,url,repository_url,labels_url,reactions
0,1351762150,"{'login': 'datapythonista', 'id': 10058240, 'node_id': 'MDQ6VXNlcjEwMDU4MjQw', 'avatar_url': 'https://avatars.githubusercontent.com/u/10058240?v=4', 'gravatar_id': '', 'url': 'https://api.github.com/users/datapythonista', 'html_url': 'https://github.com/datapythonista', 'followers_url': 'https://api.github.com/users/datapythonista/followers', 'following_url': 'https://api.github.com/users/datapythonista/following{/other_user}', 'gists_url': 'https://api.github.com/users/datapythonista/gists{/gist_id}', 'starred_url': 'https://api.github.com/users/datapythonista/starred{/owner}{/repo}', 'subscriptions_url': 'https://api.github.com/users/datapythonista/subscriptions', 'organizations_url': 'https://api.github.com/users/datapythonista/orgs', 'repos_url': 'https://api.github.com/users/datapythonista/repos', 'events_url': 'https://api.github.com/users/datapythonista/events{/privacy}', 'received_events_url': 'https://api.github.com/users/datapythonista/received_events', 'type': 'User', 'site_admin': False}",https://api.github.com/repos/pandas-dev/pandas/issues/48265,https://api.github.com/repos/pandas-dev/pandas,https://api.github.com/repos/pandas-dev/pandas/issues/48265/labels{/name},"{'url': 'https://api.github.com/repos/pandas-dev/pandas/issues/48265/reactions', 'total_count': 0, '+1': 0, '-1': 0, 'laugh': 0, 'hooray': 0, 'confused': 0, 'heart': 0, 'rocket': 0, 'eyes': 0}"
1,1351663731,"{'login': 'mroeschke', 'id': 10647082, 'node_id': 'MDQ6VXNlcjEwNjQ3MDgy', 'avatar_url': 'https://avatars.githubusercontent.com/u/10647082?v=4', 'gravatar_id': '', 'url': 'https://api.github.com/users/mroeschke', 'html_url': 'https://github.com/mroeschke', 'followers_url': 'https://api.github.com/users/mroeschke/followers', 'following_url': 'https://api.github.com/users/mroeschke/following{/other_user}', 'gists_url': 'https://api.github.com/users/mroeschke/gists{/gist_id}', 'starred_url': 'https://api.github.com/users/mroeschke/starred{/owner}{/repo}', 'subscriptions_url': 'https://api.github.com/users/mroeschke/subscriptions', 'organizations_url': 'https://api.github.com/users/mroeschke/orgs', 'repos_url': 'https://api.github.com/users/mroeschke/repos', 'events_url': 'https://api.github.com/users/mroeschke/events{/privacy}', 'received_events_url': 'https://api.github.com/users/mroeschke/received_events', 'type': 'User', 'site_admin': False}",https://api.github.com/repos/pandas-dev/pandas/issues/48264,https://api.github.com/repos/pandas-dev/pandas,https://api.github.com/repos/pandas-dev/pandas/issues/48264/labels{/name},"{'url': 'https://api.github.com/repos/pandas-dev/pandas/issues/48264/reactions', 'total_count': 0, '+1': 0, '-1': 0, 'laugh': 0, 'hooray': 0, 'confused': 0, 'heart': 0, 'rocket': 0, 'eyes': 0}"
2,1351559320,"{'login': 'jbrockmendel', 'id': 8078968, 'node_id': 'MDQ6VXNlcjgwNzg5Njg=', 'avatar_url': 'https://avatars.githubusercontent.com/u/8078968?v=4', 'gravatar_id': '', 'url': 'https://api.github.com/users/jbrockmendel', 'html_url': 'https://github.com/jbrockmendel', 'followers_url': 'https://api.github.com/users/jbrockmendel/followers', 'following_url': 'https://api.github.com/users/jbrockmendel/following{/other_user}', 'gists_url': 'https://api.github.com/users/jbrockmendel/gists{/gist_id}', 'starred_url': 'https://api.github.com/users/jbrockmendel/starred{/owner}{/repo}', 'subscriptions_url': 'https://api.github.com/users/jbrockmendel/subscriptions', 'organizations_url': 'https://api.github.com/users/jbrockmendel/orgs', 'repos_url': 'https://api.github.com/users/jbrockmendel/repos', 'events_url': 'https://api.github.com/users/jbrockmendel/events{/privacy}', 'received_events_url': 'https://api.github.com/users/jbrockmendel/received_events', 'type': 'User', 'site_admin': False}",https://api.github.com/repos/pandas-dev/pandas/issues/48262,https://api.github.com/repos/pandas-dev/pandas,https://api.github.com/repos/pandas-dev/pandas/issues/48262/labels{/name},"{'url': 'https://api.github.com/repos/pandas-dev/pandas/issues/48262/reactions', 'total_count': 1, '+1': 1, '-1': 0, 'laugh': 0, 'hooray': 0, 'confused': 0, 'heart': 0, 'rocket': 0, 'eyes': 0}"
3,1351539785,"{'login': 'jbrockmendel', 'id': 8078968, 'node_id': 'MDQ6VXNlcjgwNzg5Njg=', 'avatar_url': 'https://avatars.githubusercontent.com/u/8078968?v=4', 'gravatar_id': '', 'url': 'https://api.github.com/users/jbrockmendel', 'html_url': 'https://github.com/jbrockmendel', 'followers_url': 'https://api.github.com/users/jbrockmendel/followers', 'following_url': 'https://api.github.com/users/jbrockmendel/following{/other_user}', 'gists_url': 'https://api.github.com/users/jbrockmendel/gists{/gist_id}', 'starred_url': 'https://api.github.com/users/jbrockmendel/starred{/owner}{/repo}', 'subscriptions_url': 'https://api.github.com/users/jbrockmendel/subscriptions', 'organizations_url': 'https://api.github.com/users/jbrockmendel/orgs', 'repos_url': 'https://api.github.com/users/jbrockmendel/repos', 'events_url': 'https://api.github.com/users/jbrockmendel/events{/privacy}', 'received_events_url': 'https://api.github.com/users/jbrockmendel/received_events', 'type': 'User', 'site_admin': False}",https://api.github.com/repos/pandas-dev/pandas/issues/48261,https://api.github.com/repos/pandas-dev/pandas,https://api.github.com/repos/pandas-dev/pandas/issues/48261/labels{/name},"{'url': 'https://api.github.com/repos/pandas-dev/pandas/issues/48261/reactions', 'total_count': 0, '+1': 0, '-1': 0, 'laugh': 0, 'hooray': 0, 'confused': 0, 'heart': 0, 'rocket': 0, 'eyes': 0}"
4,1351505437,"{'login': 'phofl', 'id': 61934744, 'node_id': 'MDQ6VXNlcjYxOTM0NzQ0', 'avatar_url': 'https://avatars.githubusercontent.com/u/61934744?v=4', 'gravatar_id': '', 'url': 'https://api.github.com/users/phofl', 'html_url': 'https://github.com/phofl', 'followers_url': 'https://api.github.com/users/phofl/followers', 'following_url': 'https://api.github.com/users/phofl/following{/other_user}', 'gists_url': 'https://api.github.com/users/phofl/gists{/gist_id}', 'starred_url': 'https://api.github.com/users/phofl/starred{/owner}{/repo}', 'subscriptions_url': 'https://api.github.com/users/phofl/subscriptions', 'organizations_url': 'https://api.github.com/users/phofl/orgs', 'repos_url': 'https://api.github.com/users/phofl/repos', 'events_url': 'https://api.github.com/users/phofl/events{/privacy}', 'received_events_url': 'https://api.github.com/users/phofl/received_events', 'type': 'User', 'site_admin': False}",https://api.github.com/repos/pandas-dev/pandas/issues/48260,https://api.github.com/repos/pandas-dev/pandas,https://api.github.com/repos/pandas-dev/pandas/issues/48260/labels{/name},"{'url': 'https://api.github.com/repos/pandas-dev/pandas/issues/48260/reactions', 'total_count': 0, '+1': 0, '-1': 0, 'laugh': 0, 'hooray': 0, 'confused': 0, 'heart': 0, 'rocket': 0, 'eyes': 0}"
5,1351455222,"{'login': 'mroeschke', 'id': 10647082, 'node_id': 'MDQ6VXNlcjEwNjQ3MDgy', 'avatar_url': 'https://avatars.githubusercontent.com/u/10647082?v=4', 'gravatar_id': '', 'url': 'https://api.github.com/users/mroeschke', 'html_url': 'https://github.com/mroeschke', 'followers_url': 'https://api.github.com/users/mroeschke/followers', 'following_url': 'https://api.github.com/users/mroeschke/following{/other_user}', 'gists_url': 'https://api.github.com/users/mroeschke/gists{/gist_id}', 'starred_url': 'https://api.github.com/users/mroeschke/starred{/owner}{/repo}', 'subscriptions_url': 'https://api.github.com/users/mroeschke/subscriptions', 'organizations_url': 'https://api.github.com/users/mroeschke/orgs', 'repos_url': 'https://api.github.com/users/mroeschke/repos', 'events_url': 'https://api.github.com/users/mroeschke/events{/privacy}', 'received_events_url': 'https://api.github.com/users/mroeschke/received_events', 'type': 'User', 'site_admin': False}",https://api.github.com/repos/pandas-dev/pandas/issues/48258,https://api.github.com/repos/pandas-dev/pandas,https://api.github.com/repos/pandas-dev/pandas/issues/48258/labels{/name},"{'url': 'https://api.github.com/repos/pandas-dev/pandas/issues/48258/reactions', 'total_count': 0, '+1': 0, '-1': 0, 'laugh': 0, 'hooray': 0, 'confused': 0, 'heart': 0, 'rocket': 0, 'eyes': 0}"
6,1351308018,"{'login': 'chalmerlowe', 'id': 7291104, 'node_id': 'MDQ6VXNlcjcyOTExMDQ=', 'avatar_url': 'https://avatars.githubusercontent.com/u/7291104?v=4', 'gravatar_id': '', 'url': 'https://api.github.com/users/chalmerlowe', 'html_url': 'https://github.com/chalmerlowe', 'followers_url': 'https://api.github.com/users/chalmerlowe/followers', 'following_url': 'https://api.github.com/users/chalmerlowe/following{/other_user}', 'gists_url': 'https://api.github.com/users/chalmerlowe/gists{/gist_id}', 'starred_url': 'https://api.github.com/users/chalmerlowe/starred{/owner}{/repo}', 'subscriptions_url': 'https://api.github.com/users/chalmerlowe/subscriptions', 'organizations_url': 'https://api.github.com/users/chalmerlowe/orgs', 'repos_url': 'https://api.github.com/users/chalmerlowe/repos', 'events_url': 'https://api.github.com/users/chalmerlowe/events{/privacy}', 'received_events_url': 'https://api.github.com/users/chalmerlowe/received_events', 'type': 'User', 'site_admin': False}",https://api.github.com/repos/pandas-dev/pandas/issues/48255,https://api.github.com/repos/pandas-dev/pandas,https://api.github.com/repos/pandas-dev/pandas/issues/48255/labels{/name},"{'url': 'https://api.github.com/repos/pandas-dev/pandas/issues/48255/reactions', 'total_count': 0, '+1': 0, '-1': 0, 'laugh': 0, 'hooray': 0, 'confused': 0, 'heart': 0, 'rocket': 0, 'eyes': 0}"
7,1351294894,"{'login': 'jbrockmendel', 'id': 8078968, 'node_id': 'MDQ6VXNlcjgwNzg5Njg=', 'avatar_url': 'https://avatars.githubusercontent.com/u/8078968?v=4', 'gravatar_id': '', 'url': 'https://api.github.com/users/jbrockmendel', 'html_url': 'https://github.com/jbrockmendel', 'followers_url': 'https://api.github.com/users/jbrockmendel/followers', 'following_url': 'https://api.github.com/users/jbrockmendel/following{/other_user}', 'gists_url': 'https://api.github.com/users/jbrockmendel/gists{/gist_id}', 'starred_url': 'https://api.github.com/users/jbrockmendel/starred{/owner}{/repo}', 'subscriptions_url': 'https://api.github.com/users/jbrockmendel/subscriptions', 'organizations_url': 'https://api.github.com/users/jbrockmendel/orgs', 'repos_url': 'https://api.github.com/users/jbrockmendel/repos', 'events_url': 'https://api.github.com/users/jbrockmendel/events{/privacy}', 'received_events_url': 'https://api.github.com/users/jbrockmendel/received_events', 'type': 'User', 'site_admin': False}",https://api.github.com/repos/pandas-dev/pandas/issues/48254,https://api.github.com/repos/pandas-dev/pandas,https://api.github.com/repos/pandas-dev/pandas/issues/48254/labels{/name},"{'url': 'https://api.github.com/repos/pandas-dev/pandas/issues/48254/reactions', 'total_count': 0, '+1': 0, '-1': 0, 'laugh': 0, 'hooray': 0, 'confused': 0, 'heart': 0, 'rocket': 0, 'eyes': 0}"
8,1351237349,"{'login': 'bashtage', 'id': 5585221, 'node_id': 'MDQ6VXNlcjU1ODUyMjE=', 'avatar_url': 'https://avatars.githubusercontent.com/u/5585221?v=4', 'gravatar_id': '', 'url': 'https://api.github.com/users/bashtage', 'html_url': 'https://github.com/bashtage', 'followers_url': 'https://api.github.com/users/bashtage/followers', 'following_url': 'https://api.github.com/users/bashtage/following{/other_user}', 'gists_url': 'https://api.github.com/users/bashtage/gists{/gist_id}', 'starred_url': 'https://api.github.com/users/bashtage/starred{/owner}{/repo}', 'subscriptions_url': 'https://api.github.com/users/bashtage/subscriptions', 'organizations_url': 'https://api.github.com/users/bashtage/orgs', 'repos_url': 'https://api.github.com/users/bashtage/repos', 'events_url': 'https://api.github.com/users/bashtage/events{/privacy}', 'received_events_url': 'https://api.github.com/users/bashtage/received_events', 'type': 'User', 'site_admin': False}",https://api.github.com/repos/pandas-dev/pandas/issues/48252,https://api.github.com/repos/pandas-dev/pandas,https://api.github.com/repos/pandas-dev/pandas/issues/48252/labels{/name},"{'url': 'https://api.github.com/repos/pandas-dev/pandas/issues/48252/reactions', 'total_count': 0, '+1': 0, '-1': 0, 'laugh': 0, 'hooray': 0, 'confused': 0, 'heart': 0, 'rocket': 0, 'eyes': 0}"
9,1351188794,"{'login': 'pyrito', 'id': 8106509, 'node_id': 'MDQ6VXNlcjgxMDY1MDk=', 'avatar_url': 'https://avatars.githubusercontent.com/u/8106509?v=4', 'gravatar_id': '', 'url': 'https://api.github.com/users/pyrito', 'html_url': 'https://github.com/pyrito', 'followers_url': 'https://api.github.com/users/pyrito/followers', 'following_url': 'https://api.github.com/users/pyrito/following{/other_user}', 'gists_url': 'https://api.github.com/users/pyrito/gists{/gist_id}', 'starred_url': 'https://api.github.com/users/pyrito/starred{/owner}{/repo}', 'subscriptions_url': 'https://api.github.com/users/pyrito/subscriptions', 'organizations_url': 'https://api.github.com/users/pyrito/orgs', 'repos_url': 'https://api.github.com/users/pyrito/repos', 'events_url': 'https://api.github.com/users/pyrito/events{/privacy}', 'received_events_url': 'https://api.github.com/users/pyrito/received_events', 'type': 'User', 'site_admin': False}",https://api.github.com/repos/pandas-dev/pandas/issues/48249,https://api.github.com/repos/pandas-dev/pandas,https://api.github.com/repos/pandas-dev/pandas/issues/48249/labels{/name},"{'url': 'https://api.github.com/repos/pandas-dev/pandas/issues/48249/reactions', 'total_count': 0, '+1': 0, '-1': 0, 'laugh': 0, 'hooray': 0, 'confused': 0, 'heart': 0, 'rocket': 0, 'eyes': 0}"
10,1351023955,"{'login': 'Dr-Irv', 'id': 15113894, 'node_id': 'MDQ6VXNlcjE1MTEzODk0', 'avatar_url': 'https://avatars.githubusercontent.com/u/15113894?v=4', 'gravatar_id': '', 'url': 'https://api.github.com/users/Dr-Irv', 'html_url': 'https://github.com/Dr-Irv', 'followers_url': 'https://api.github.com/users/Dr-Irv/followers', 'following_url': 'https://api.github.com/users/Dr-Irv/following{/other_user}', 'gists_url': 'https://api.github.com/users/Dr-Irv/gists{/gist_id}', 'starred_url': 'https://api.github.com/users/Dr-Irv/starred{/owner}{/repo}', 'subscriptions_url': 'https://api.github.com/users/Dr-Irv/subscriptions', 'organizations_url': 'https://api.github.com/users/Dr-Irv/orgs', 'repos_url': 'https://api.github.com/users/Dr-Irv/repos', 'events_url': 'https://api.github.com/users/Dr-Irv/events{/privacy}', 'received_events_url': 'https://api.github.com/users/Dr-Irv/received_events', 'type': 'User', 'site_admin': False}",https://api.github.com/repos/pandas-dev/pandas/issues/48248,https://api.github.com/repos/pandas-dev/pandas,https://api.github.com/repos/pandas-dev/pandas/issues/48248/labels{/name},"{'url': 'https://api.github.com/repos/pandas-dev/pandas/issues/48248/reactions', 'total_count': 0, '+1': 0, '-1': 0, 'laugh': 0, 'hooray': 0, 'confused': 0, 'heart': 0, 'rocket': 0, 'eyes': 0}"
11,1350992258,"{'login': 'simonjayhawkins', 'id': 13159005, 'node_id': 'MDQ6VXNlcjEzMTU5MDA1', 'avatar_url': 'https://avatars.githubusercontent.com/u/13159005?v=4', 'gravatar_id': '', 'url': 'https://api.github.com/users/simonjayhawkins', 'html_url': 'https://github.com/simonjayhawkins', 'followers_url': 'https://api.github.com/users/simonjayhawkins/followers', 'following_url': 'https://api.github.com/users/simonjayhawkins/following{/other_user}', 'gists_url': 'https://api.github.com/users/simonjayhawkins/gists{/gist_id}', 'starred_url': 'https://api.github.com/users/simonjayhawkins/starred{/owner}{/repo}', 'subscriptions_url': 'https://api.github.com/users/simonjayhawkins/subscriptions', 'organizations_url': 'https://api.github.com/users/simonjayhawkins/orgs', 'repos_url': 'https://api.github.com/users/simonjayhawkins/repos', 'events_url': 'https://api.github.com/users/simonjayhawkins/events{/privacy}', 'received_events_url': 'https://api.github.com/users/simonjayhawkins/received_events', 'type': 'User', 'site_admin': False}",https://api.github.com/repos/pandas-dev/pandas/issues/48246,https://api.github.com/repos/pandas-dev/pandas,https://api.github.com/repos/pandas-dev/pandas/issues/48246/labels{/name},"{'url': 'https://api.github.com/repos/pandas-dev/pandas/issues/48246/reactions', 'total_count': 0, '+1': 0, '-1': 0, 'laugh': 0, 'hooray': 0, 'confused': 0, 'heart': 0, 'rocket': 0, 'eyes': 0}"
12,1350744487,"{'login': 'meeseeksmachine', 'id': 39504233, 'node_id': 'MDQ6VXNlcjM5NTA0MjMz', 'avatar_url': 'https://avatars.githubusercontent.com/u/39504233?v=4', 'gravatar_id': '', 'url': 'https://api.github.com/users/meeseeksmachine', 'html_url': 'https://github.com/meeseeksmachine', 'followers_url': 'https://api.github.com/users/meeseeksmachine/followers', 'following_url': 'https://api.github.com/users/meeseeksmachine/following{/other_user}', 'gists_url': 'https://api.github.com/users/meeseeksmachine/gists{/gist_id}', 'starred_url': 'https://api.github.com/users/meeseeksmachine/starred{/owner}{/repo}', 'subscriptions_url': 'https://api.github.com/users/meeseeksmachine/subscriptions', 'organizations_url': 'https://api.github.com/users/meeseeksmachine/orgs', 'repos_url': 'https://api.github.com/users/meeseeksmachine/repos', 'events_url': 'https://api.github.com/users/meeseeksmachine/events{/privacy}', 'received_events_url': 'https://api.github.com/users/meeseeksmachine/received_events', 'type': 'User', 'site_admin': False}",https://api.github.com/repos/pandas-dev/pandas/issues/48242,https://api.github.com/repos/pandas-dev/pandas,https://api.github.com/repos/pandas-dev/pandas/issues/48242/labels{/name},"{'url': 'https://api.github.com/repos/pandas-dev/pandas/issues/48242/reactions', 'total_count': 0, '+1': 0, '-1': 0, 'laugh': 0, 'hooray': 0, 'confused': 0, 'heart': 0, 'rocket': 0, 'eyes': 0}"
13,1350511602,"{'login': 'pnjun', 'id': 179163, 'node_id': 'MDQ6VXNlcjE3OTE2Mw==', 'avatar_url': 'https://avatars.githubusercontent.com/u/179163?v=4', 'gravatar_id': '', 'url': 'https://api.github.com/users/pnjun', 'html_url': 'https://github.com/pnjun', 'followers_url': 'https://api.github.com/users/pnjun/followers', 'following_url': 'https://api.github.com/users/pnjun/following{/other_user}', 'gists_url': 'https://api.github.com/users/pnjun/gists{/gist_id}', 'starred_url': 'https://api.github.com/users/pnjun/starred{/owner}{/repo}', 'subscriptions_url': 'https://api.github.com/users/pnjun/subscriptions', 'organizations_url': 'https://api.github.com/users/pnjun/orgs', 'repos_url': 'https://api.github.com/users/pnjun/repos', 'events_url': 'https://api.github.com/users/pnjun/events{/privacy}', 'received_events_url': 'https://api.github.com/users/pnjun/received_events', 'type': 'User', 'site_admin': False}",https://api.github.com/repos/pandas-dev/pandas/issues/48241,https://api.github.com/repos/pandas-dev/pandas,https://api.github.com/repos/pandas-dev/pandas/issues/48241/labels{/name},"{'url': 'https://api.github.com/repos/pandas-dev/pandas/issues/48241/reactions', 'total_count': 0, '+1': 0, '-1': 0, 'laugh': 0, 'hooray': 0, 'confused': 0, 'heart': 0, 'rocket': 0, 'eyes': 0}"
14,1350337771,"{'login': 'hauntsaninja', 'id': 12621235, 'node_id': 'MDQ6VXNlcjEyNjIxMjM1', 'avatar_url': 'https://avatars.githubusercontent.com/u/12621235?v=4', 'gravatar_id': '', 'url': 'https://api.github.com/users/hauntsaninja', 'html_url': 'https://github.com/hauntsaninja', 'followers_url': 'https://api.github.com/users/hauntsaninja/followers', 'following_url': 'https://api.github.com/users/hauntsaninja/following{/other_user}', 'gists_url': 'https://api.github.com/users/hauntsaninja/gists{/gist_id}', 'starred_url': 'https://api.github.com/users/hauntsaninja/starred{/owner}{/repo}', 'subscriptions_url': 'https://api.github.com/users/hauntsaninja/subscriptions', 'organizations_url': 'https://api.github.com/users/hauntsaninja/orgs', 'repos_url': 'https://api.github.com/users/hauntsaninja/repos', 'events_url': 'https://api.github.com/users/hauntsaninja/events{/privacy}', 'received_events_url': 'https://api.github.com/users/hauntsaninja/received_events', 'type': 'User', 'site_admin': False}",https://api.github.com/repos/pandas-dev/pandas/issues/48239,https://api.github.com/repos/pandas-dev/pandas,https://api.github.com/repos/pandas-dev/pandas/issues/48239/labels{/name},"{'url': 'https://api.github.com/repos/pandas-dev/pandas/issues/48239/reactions', 'total_count': 0, '+1': 0, '-1': 0, 'laugh': 0, 'hooray': 0, 'confused': 0, 'heart': 0, 'rocket': 0, 'eyes': 0}"
15,1350194587,"{'login': 'a-reich', 'id': 73507369, 'node_id': 'MDQ6VXNlcjczNTA3MzY5', 'avatar_url': 'https://avatars.githubusercontent.com/u/73507369?v=4', 'gravatar_id': '', 'url': 'https://api.github.com/users/a-reich', 'html_url': 'https://github.com/a-reich', 'followers_url': 'https://api.github.com/users/a-reich/followers', 'following_url': 'https://api.github.com/users/a-reich/following{/other_user}', 'gists_url': 'https://api.github.com/users/a-reich/gists{/gist_id}', 'starred_url': 'https://api.github.com/users/a-reich/starred{/owner}{/repo}', 'subscriptions_url': 'https://api.github.com/users/a-reich/subscriptions', 'organizations_url': 'https://api.github.com/users/a-reich/orgs', 'repos_url': 'https://api.github.com/users/a-reich/repos', 'events_url': 'https://api.github.com/users/a-reich/events{/privacy}', 'received_events_url': 'https://api.github.com/users/a-reich/received_events', 'type': 'User', 'site_admin': False}",https://api.github.com/repos/pandas-dev/pandas/issues/48238,https://api.github.com/repos/pandas-dev/pandas,https://api.github.com/repos/pandas-dev/pandas/issues/48238/labels{/name},"{'url': 'https://api.github.com/repos/pandas-dev/pandas/issues/48238/reactions', 'total_count': 0, '+1': 0, '-1': 0, 'laugh': 0, 'hooray': 0, 'confused': 0, 'heart': 0, 'rocket': 0, 'eyes': 0}"
16,1350127378,"{'login': 'ssche', 'id': 7367411, 'node_id': 'MDQ6VXNlcjczNjc0MTE=', 'avatar_url': 'https://avatars.githubusercontent.com/u/7367411?v=4', 'gravatar_id': '', 'url': 'https://api.github.com/users/ssche', 'html_url': 'https://github.com/ssche', 'followers_url': 'https://api.github.com/users/ssche/followers', 'following_url': 'https://api.github.com/users/ssche/following{/other_user}', 'gists_url': 'https://api.github.com/users/ssche/gists{/gist_id}', 'starred_url': 'https://api.github.com/users/ssche/starred{/owner}{/repo}', 'subscriptions_url': 'https://api.github.com/users/ssche/subscriptions', 'organizations_url': 'https://api.github.com/users/ssche/orgs', 'repos_url': 'https://api.github.com/users/ssche/repos', 'events_url': 'https://api.github.com/users/ssche/events{/privacy}', 'received_events_url': 'https://api.github.com/users/ssche/received_events', 'type': 'User', 'site_admin': False}",https://api.github.com/repos/pandas-dev/pandas/issues/48237,https://api.github.com/repos/pandas-dev/pandas,https://api.github.com/repos/pandas-dev/pandas/issues/48237/labels{/name},"{'url': 'https://api.github.com/repos/pandas-dev/pandas/issues/48237/reactions', 'total_count': 0, '+1': 0, '-1': 0, 'laugh': 0, 'hooray': 0, 'confused': 0, 'heart': 0, 'rocket': 0, 'eyes': 0}"
17,1350091656,"{'login': 'tylerjereddy', 'id': 7903078, 'node_id': 'MDQ6VXNlcjc5MDMwNzg=', 'avatar_url': 'https://avatars.githubusercontent.com/u/7903078?v=4', 'gravatar_id': '', 'url': 'https://api.github.com/users/tylerjereddy', 'html_url': 'https://github.com/tylerjereddy', 'followers_url': 'https://api.github.com/users/tylerjereddy/followers', 'following_url': 'https://api.github.com/users/tylerjereddy/following{/other_user}', 'gists_url': 'https://api.github.com/users/tylerjereddy/gists{/gist_id}', 'starred_url': 'https://api.github.com/users/tylerjereddy/starred{/owner}{/repo}', 'subscriptions_url': 'https://api.github.com/users/tylerjereddy/subscriptions', 'organizations_url': 'https://api.github.com/users/tylerjereddy/orgs', 'repos_url': 'https://api.github.com/users/tylerjereddy/repos', 'events_url': 'https://api.github.com/users/tylerjereddy/events{/privacy}', 'received_events_url': 'https://api.github.com/users/tylerjereddy/received_events', 'type': 'User', 'site_admin': False}",https://api.github.com/repos/pandas-dev/pandas/issues/48236,https://api.github.com/repos/pandas-dev/pandas,https://api.github.com/repos/pandas-dev/pandas/issues/48236/labels{/name},"{'url': 'https://api.github.com/repos/pandas-dev/pandas/issues/48236/reactions', 'total_count': 0, '+1': 0, '-1': 0, 'laugh': 0, 'hooray': 0, 'confused': 0, 'heart': 0, 'rocket': 0, 'eyes': 0}"
18,1349964738,"{'login': 'phofl', 'id': 61934744, 'node_id': 'MDQ6VXNlcjYxOTM0NzQ0', 'avatar_url': 'https://avatars.githubusercontent.com/u/61934744?v=4', 'gravatar_id': '', 'url': 'https://api.github.com/users/phofl', 'html_url': 'https://github.com/phofl', 'followers_url': 'https://api.github.com/users/phofl/followers', 'following_url': 'https://api.github.com/users/phofl/following{/other_user}', 'gists_url': 'https://api.github.com/users/phofl/gists{/gist_id}', 'starred_url': 'https://api.github.com/users/phofl/starred{/owner}{/repo}', 'subscriptions_url': 'https://api.github.com/users/phofl/subscriptions', 'organizations_url': 'https://api.github.com/users/phofl/orgs', 'repos_url': 'https://api.github.com/users/phofl/repos', 'events_url': 'https://api.github.com/users/phofl/events{/privacy}', 'received_events_url': 'https://api.github.com/users/phofl/received_events', 'type': 'User', 'site_admin': False}",https://api.github.com/repos/pandas-dev/pandas/issues/48234,https://api.github.com/repos/pandas-dev/pandas,https://api.github.com/repos/pandas-dev/pandas/issues/48234/labels{/name},"{'url': 'https://api.github.com/repos/pandas-dev/pandas/issues/48234/reactions', 'total_count': 0, '+1': 0, '-1': 0, 'laugh': 0, 'hooray': 0, 'confused': 0, 'heart': 0, 'rocket': 0, 'eyes': 0}"
19,1349845830,"{'login': 'amotzop', 'id': 102261144, 'node_id': 'U_kgDOBhhhmA', 'avatar_url': 'https://avatars.githubusercontent.com/u/102261144?v=4', 'gravatar_id': '', 'url': 'https://api.github.com/users/amotzop', 'html_url': 'https://github.com/amotzop', 'followers_url': 'https://api.github.com/users/amotzop/followers', 'following_url': 'https://api.github.com/users/amotzop/following{/other_user}', 'gists_url': 'https://api.github.com/users/amotzop/gists{/gist_id}', 'starred_url': 'https://api.github.com/users/amotzop/starred{/owner}{/repo}', 'subscriptions_url': 'https://api.github.com/users/amotzop/subscriptions', 'organizations_url': 'https://api.github.com/users/amotzop/orgs', 'repos_url': 'https://api.github.com/users/amotzop/repos', 'events_url': 'https://api.github.com/users/amotzop/events{/privacy}', 'received_events_url': 'https://api.github.com/users/amotzop/received_events', 'type': 'User', 'site_admin': False}",https://api.github.com/repos/pandas-dev/pandas/issues/48230,https://api.github.com/repos/pandas-dev/pandas,https://api.github.com/repos/pandas-dev/pandas/issues/48230/labels{/name},"{'url': 'https://api.github.com/repos/pandas-dev/pandas/issues/48230/reactions', 'total_count': 0, '+1': 0, '-1': 0, 'laugh': 0, 'hooray': 0, 'confused': 0, 'heart': 0, 'rocket': 0, 'eyes': 0}"
20,1349816544,"{'login': 'mroeschke', 'id': 10647082, 'node_id': 'MDQ6VXNlcjEwNjQ3MDgy', 'avatar_url': 'https://avatars.githubusercontent.com/u/10647082?v=4', 'gravatar_id': '', 'url': 'https://api.github.com/users/mroeschke', 'html_url': 'https://github.com/mroeschke', 'followers_url': 'https://api.github.com/users/mroeschke/followers', 'following_url': 'https://api.github.com/users/mroeschke/following{/other_user}', 'gists_url': 'https://api.github.com/users/mroeschke/gists{/gist_id}', 'starred_url': 'https://api.github.com/users/mroeschke/starred{/owner}{/repo}', 'subscriptions_url': 'https://api.github.com/users/mroeschke/subscriptions', 'organizations_url': 'https://api.github.com/users/mroeschke/orgs', 'repos_url': 'https://api.github.com/users/mroeschke/repos', 'events_url': 'https://api.github.com/users/mroeschke/events{/privacy}', 'received_events_url': 'https://api.github.com/users/mroeschke/received_events', 'type': 'User', 'site_admin': False}",https://api.github.com/repos/pandas-dev/pandas/issues/48229,https://api.github.com/repos/pandas-dev/pandas,https://api.github.com/repos/pandas-dev/pandas/issues/48229/labels{/name},"{'url': 'https://api.github.com/repos/pandas-dev/pandas/issues/48229/reactions', 'total_count': 0, '+1': 0, '-1': 0, 'laugh': 0, 'hooray': 0, 'confused': 0, 'heart': 0, 'rocket': 0, 'eyes': 0}"
21,1349431995,"{'login': 'weikhor', 'id': 36619387, 'node_id': 'MDQ6VXNlcjM2NjE5Mzg3', 'avatar_url': 'https://avatars.githubusercontent.com/u/36619387?v=4', 'gravatar_id': '', 'url': 'https://api.github.com/users/weikhor', 'html_url': 'https://github.com/weikhor', 'followers_url': 'https://api.github.com/users/weikhor/followers', 'following_url': 'https://api.github.com/users/weikhor/following{/other_user}', 'gists_url': 'https://api.github.com/users/weikhor/gists{/gist_id}', 'starred_url': 'https://api.github.com/users/weikhor/starred{/owner}{/repo}', 'subscriptions_url': 'https://api.github.com/users/weikhor/subscriptions', 'organizations_url': 'https://api.github.com/users/weikhor/orgs', 'repos_url': 'https://api.github.com/users/weikhor/repos', 'events_url': 'https://api.github.com/users/weikhor/events{/privacy}', 'received_events_url': 'https://api.github.com/users/weikhor/received_events', 'type': 'User', 'site_admin': False}",https://api.github.com/repos/pandas-dev/pandas/issues/48226,https://api.github.com/repos/pandas-dev/pandas,https://api.github.com/repos/pandas-dev/pandas/issues/48226/labels{/name},"{'url': 'https://api.github.com/repos/pandas-dev/pandas/issues/48226/reactions', 'total_count': 0, '+1': 0, '-1': 0, 'laugh': 0, 'hooray': 0, 'confused': 0, 'heart': 0, 'rocket': 0, 'eyes': 0}"
22,1349072675,"{'login': 'agodbug', 'id': 10971788, 'node_id': 'MDQ6VXNlcjEwOTcxNzg4', 'avatar_url': 'https://avatars.githubusercontent.com/u/10971788?v=4', 'gravatar_id': '', 'url': 'https://api.github.com/users/agodbug', 'html_url': 'https://github.com/agodbug', 'followers_url': 'https://api.github.com/users/agodbug/followers', 'following_url': 'https://api.github.com/users/agodbug/following{/other_user}', 'gists_url': 'https://api.github.com/users/agodbug/gists{/gist_id}', 'starred_url': 'https://api.github.com/users/agodbug/starred{/owner}{/repo}', 'subscriptions_url': 'https://api.github.com/users/agodbug/subscriptions', 'organizations_url': 'https://api.github.com/users/agodbug/orgs', 'repos_url': 'https://api.github.com/users/agodbug/repos', 'events_url': 'https://api.github.com/users/agodbug/events{/privacy}', 'received_events_url': 'https://api.github.com/users/agodbug/received_events', 'type': 'User', 'site_admin': False}",https://api.github.com/repos/pandas-dev/pandas/issues/48224,https://api.github.com/repos/pandas-dev/pandas,https://api.github.com/repos/pandas-dev/pandas/issues/48224/labels{/name},"{'url': 'https://api.github.com/repos/pandas-dev/pandas/issues/48224/reactions', 'total_count': 0, '+1': 0, '-1': 0, 'laugh': 0, 'hooray': 0, 'confused': 0, 'heart': 0, 'rocket': 0, 'eyes': 0}"
23,1348702931,"{'login': 'mroeschke', 'id': 10647082, 'node_id': 'MDQ6VXNlcjEwNjQ3MDgy', 'avatar_url': 'https://avatars.githubusercontent.com/u/10647082?v=4', 'gravatar_id': '', 'url': 'https://api.github.com/users/mroeschke', 'html_url': 'https://github.com/mroeschke', 'followers_url': 'https://api.github.com/users/mroeschke/followers', 'following_url': 'https://api.github.com/users/mroeschke/following{/other_user}', 'gists_url': 'https://api.github.com/users/mroeschke/gists{/gist_id}', 'starred_url': 'https://api.github.com/users/mroeschke/starred{/owner}{/repo}', 'subscriptions_url': 'https://api.github.com/users/mroeschke/subscriptions', 'organizations_url': 'https://api.github.com/users/mroeschke/orgs', 'repos_url': 'https://api.github.com/users/mroeschke/repos', 'events_url': 'https://api.github.com/users/mroeschke/events{/privacy}', 'received_events_url': 'https://api.github.com/users/mroeschke/received_events', 'type': 'User', 'site_admin': False}",https://api.github.com/repos/pandas-dev/pandas/issues/48223,https://api.github.com/repos/pandas-dev/pandas,https://api.github.com/repos/pandas-dev/pandas/issues/48223/labels{/name},"{'url': 'https://api.github.com/repos/pandas-dev/pandas/issues/48223/reactions', 'total_count': 0, '+1': 0, '-1': 0, 'laugh': 0, 'hooray': 0, 'confused': 0, 'heart': 0, 'rocket': 0, 'eyes': 0}"
24,1348241640,"{'login': 'MarcoGorelli', 'id': 33491632, 'node_id': 'MDQ6VXNlcjMzNDkxNjMy', 'avatar_url': 'https://avatars.githubusercontent.com/u/33491632?v=4', 'gravatar_id': '', 'url': 'https://api.github.com/users/MarcoGorelli', 'html_url': 'https://github.com/MarcoGorelli', 'followers_url': 'https://api.github.com/users/MarcoGorelli/followers', 'following_url': 'https://api.github.com/users/MarcoGorelli/following{/other_user}', 'gists_url': 'https://api.github.com/users/MarcoGorelli/gists{/gist_id}', 'starred_url': 'https://api.github.com/users/MarcoGorelli/starred{/owner}{/repo}', 'subscriptions_url': 'https://api.github.com/users/MarcoGorelli/subscriptions', 'organizations_url': 'https://api.github.com/users/MarcoGorelli/orgs', 'repos_url': 'https://api.github.com/users/MarcoGorelli/repos', 'events_url': 'https://api.github.com/users/MarcoGorelli/events{/privacy}', 'received_events_url': 'https://api.github.com/users/MarcoGorelli/received_events', 'type': 'User', 'site_admin': False}",https://api.github.com/repos/pandas-dev/pandas/issues/48220,https://api.github.com/repos/pandas-dev/pandas,https://api.github.com/repos/pandas-dev/pandas/issues/48220/labels{/name},"{'url': 'https://api.github.com/repos/pandas-dev/pandas/issues/48220/reactions', 'total_count': 0, '+1': 0, '-1': 0, 'laugh': 0, 'hooray': 0, 'confused': 0, 'heart': 0, 'rocket': 0, 'eyes': 0}"
25,1347820035,"{'login': 'jorisvandenbossche', 'id': 1020496, 'node_id': 'MDQ6VXNlcjEwMjA0OTY=', 'avatar_url': 'https://avatars.githubusercontent.com/u/1020496?v=4', 'gravatar_id': '', 'url': 'https://api.github.com/users/jorisvandenbossche', 'html_url': 'https://github.com/jorisvandenbossche', 'followers_url': 'https://api.github.com/users/jorisvandenbossche/followers', 'following_url': 'https://api.github.com/users/jorisvandenbossche/following{/other_user}', 'gists_url': 'https://api.github.com/users/jorisvandenbossche/gists{/gist_id}', 'starred_url': 'https://api.github.com/users/jorisvandenbossche/starred{/owner}{/repo}', 'subscriptions_url': 'https://api.github.com/users/jorisvandenbossche/subscriptions', 'organizations_url': 'https://api.github.com/users/jorisvandenbossche/orgs', 'repos_url': 'https://api.github.com/users/jorisvandenbossche/repos', 'events_url': 'https://api.github.com/users/jorisvandenbossche/events{/privacy}', 'received_events_url': 'https://api.github.com/users/jorisvandenbossche/received_events', 'type': 'User', 'site_admin': False}",https://api.github.com/repos/pandas-dev/pandas/issues/48215,https://api.github.com/repos/pandas-dev/pandas,https://api.github.com/repos/pandas-dev/pandas/issues/48215/labels{/name},"{'url': 'https://api.github.com/repos/pandas-dev/pandas/issues/48215/reactions', 'total_count': 0, '+1': 0, '-1': 0, 'laugh': 0, 'hooray': 0, 'confused': 0, 'heart': 0, 'rocket': 0, 'eyes': 0}"
26,1347749849,"{'login': 'Code0x58', 'id': 9309570, 'node_id': 'MDQ6VXNlcjkzMDk1NzA=', 'avatar_url': 'https://avatars.githubusercontent.com/u/9309570?v=4', 'gravatar_id': '', 'url': 'https://api.github.com/users/Code0x58', 'html_url': 'https://github.com/Code0x58', 'followers_url': 'https://api.github.com/users/Code0x58/followers', 'following_url': 'https://api.github.com/users/Code0x58/following{/other_user}', 'gists_url': 'https://api.github.com/users/Code0x58/gists{/gist_id}', 'starred_url': 'https://api.github.com/users/Code0x58/starred{/owner}{/repo}', 'subscriptions_url': 'https://api.github.com/users/Code0x58/subscriptions', 'organizations_url': 'https://api.github.com/users/Code0x58/orgs', 'repos_url': 'https://api.github.com/users/Code0x58/repos', 'events_url': 'https://api.github.com/users/Code0x58/events{/privacy}', 'received_events_url': 'https://api.github.com/users/Code0x58/received_events', 'type': 'User', 'site_admin': False}",https://api.github.com/repos/pandas-dev/pandas/issues/48212,https://api.github.com/repos/pandas-dev/pandas,https://api.github.com/repos/pandas-dev/pandas/issues/48212/labels{/name},"{'url': 'https://api.github.com/repos/pandas-dev/pandas/issues/48212/reactions', 'total_count': 0, '+1': 0, '-1': 0, 'laugh': 0, 'hooray': 0, 'confused': 0, 'heart': 0, 'rocket': 0, 'eyes': 0}"
27,1347405323,"{'login': 'CloseChoice', 'id': 31857876, 'node_id': 'MDQ6VXNlcjMxODU3ODc2', 'avatar_url': 'https://avatars.githubusercontent.com/u/31857876?v=4', 'gravatar_id': '', 'url': 'https://api.github.com/users/CloseChoice', 'html_url': 'https://github.com/CloseChoice', 'followers_url': 'https://api.github.com/users/CloseChoice/followers', 'following_url': 'https://api.github.com/users/CloseChoice/following{/other_user}', 'gists_url': 'https://api.github.com/users/CloseChoice/gists{/gist_id}', 'starred_url': 'https://api.github.com/users/CloseChoice/starred{/owner}{/repo}', 'subscriptions_url': 'https://api.github.com/users/CloseChoice/subscriptions', 'organizations_url': 'https://api.github.com/users/CloseChoice/orgs', 'repos_url': 'https://api.github.com/users/CloseChoice/repos', 'events_url': 'https://api.github.com/users/CloseChoice/events{/privacy}', 'received_events_url': 'https://api.github.com/users/CloseChoice/received_events', 'type': 'User', 'site_admin': False}",https://api.github.com/repos/pandas-dev/pandas/issues/48210,https://api.github.com/repos/pandas-dev/pandas,https://api.github.com/repos/pandas-dev/pandas/issues/48210/labels{/name},"{'url': 'https://api.github.com/repos/pandas-dev/pandas/issues/48210/reactions', 'total_count': 0, '+1': 0, '-1': 0, 'laugh': 0, 'hooray': 0, 'confused': 0, 'heart': 0, 'rocket': 0, 'eyes': 0}"
28,1347248066,"{'login': 'mroeschke', 'id': 10647082, 'node_id': 'MDQ6VXNlcjEwNjQ3MDgy', 'avatar_url': 'https://avatars.githubusercontent.com/u/10647082?v=4', 'gravatar_id': '', 'url': 'https://api.github.com/users/mroeschke', 'html_url': 'https://github.com/mroeschke', 'followers_url': 'https://api.github.com/users/mroeschke/followers', 'following_url': 'https://api.github.com/users/mroeschke/following{/other_user}', 'gists_url': 'https://api.github.com/users/mroeschke/gists{/gist_id}', 'starred_url': 'https://api.github.com/users/mroeschke/starred{/owner}{/repo}', 'subscriptions_url': 'https://api.github.com/users/mroeschke/subscriptions', 'organizations_url': 'https://api.github.com/users/mroeschke/orgs', 'repos_url': 'https://api.github.com/users/mroeschke/repos', 'events_url': 'https://api.github.com/users/mroeschke/events{/privacy}', 'received_events_url': 'https://api.github.com/users/mroeschke/received_events', 'type': 'User', 'site_admin': False}",https://api.github.com/repos/pandas-dev/pandas/issues/48208,https://api.github.com/repos/pandas-dev/pandas,https://api.github.com/repos/pandas-dev/pandas/issues/48208/labels{/name},"{'url': 'https://api.github.com/repos/pandas-dev/pandas/issues/48208/reactions', 'total_count': 0, '+1': 0, '-1': 0, 'laugh': 0, 'hooray': 0, 'confused': 0, 'heart': 0, 'rocket': 0, 'eyes': 0}"
29,1347158195,"{'login': 'srotondo', 'id': 97266896, 'node_id': 'U_kgDOBcws0A', 'avatar_url': 'https://avatars.githubusercontent.com/u/97266896?v=4', 'gravatar_id': '', 'url': 'https://api.github.com/users/srotondo', 'html_url': 'https://github.com/srotondo', 'followers_url': 'https://api.github.com/users/srotondo/followers', 'following_url': 'https://api.github.com/users/srotondo/following{/other_user}', 'gists_url': 'https://api.github.com/users/srotondo/gists{/gist_id}', 'starred_url': 'https://api.github.com/users/srotondo/starred{/owner}{/repo}', 'subscriptions_url': 'https://api.github.com/users/srotondo/subscriptions', 'organizations_url': 'https://api.github.com/users/srotondo/orgs', 'repos_url': 'https://api.github.com/users/srotondo/repos', 'events_url': 'https://api.github.com/users/srotondo/events{/privacy}', 'received_events_url': 'https://api.github.com/users/srotondo/received_events', 'type': 'User', 'site_admin': False}",https://api.github.com/repos/pandas-dev/pandas/issues/48205,https://api.github.com/repos/pandas-dev/pandas,https://api.github.com/repos/pandas-dev/pandas/issues/48205/labels{/name},"{'url': 'https://api.github.com/repos/pandas-dev/pandas/issues/48205/reactions', 'total_count': 0, '+1': 0, '-1': 0, 'laugh': 0, 'hooray': 0, 'confused': 0, 'heart': 0, 'rocket': 0, 'eyes': 0}"
